,id,user_name,user_head,user_work,user_position,user_tags,user_location,user_viewers,user_contacts,user_common_info
0,ali-wodan,Ali Wodan,Head of Design,Performix,Head Of Design,"podcast, it","Москва, Московская область, Россия",2 391,500+,"I am a digital product design lead. I've been designing digital systems for years. Teams creating, management, design process building, user research, analytics etc. it's all that i like to do. Also I am into psychology, music, philosophy."
1,ikotow,Игорь Котов,Директор по производству – Технократия,Технократия,Технократия,"it, обучение, менеджмент, технологии, производство","Казань, Республика Татарстан, Россия",340,338,Making IT production great again! Создатель сервиса для управления ресурсами: Resourcer.appМой telegram-канал: https://t.me/pastikotow
2,groshev-andrew,Грошев Андрей,Директор по развитию бизнеса,"ООО ""Юпитер""",Директор по развитию бизнеса,"it, юмор, it_юпитер, вакансии","Санкт-Петербург, Санкт-Петербург, Россия",540,500+,
3,spasatos,Ivan Pakulin,Chief Marketing Officer | Head of Growth | Telecom | Software Development | B2C | B2B | B2G,HSE People,Учитель,"it, telecom, marketing, development","Санкт-Петербург, Санкт-Петербург, Россия",411,405,"Hello everyone.I have been working in marketing for over 12 years, more than 7 years in senior positions and as a marketing director for IT, SAAS and telecommunications.I am glad to offer my services in marketing audit and marketing outsourcing. I am considering proposals and open for partnership."
5,%D0%B0%D1%80%D1%82%D1%91%D0%BC-%D1%81%D0%B5%D1%80%D0%B3%D0%B8%D0%B5%D0%BD%D0%BA%D0%BE-526433232,Артём Сергиенко,Начальник управления в АО Гознак,"АО ""Гознак""​ - современная, динамично развивающаяся компания с более чем 200-летней историей","АО ""Гознак""​ - современная, динамично развивающаяся компания с более чем 200-летней историей","it, fintech, productmanagement, projectmanagement","Одинцово, Московская область, Россия",40,33,"Добрый день, меня зовут Артем Сергиенко. Уже более 6 лет работаю в сфере управления продуктами.В профессию продукт менеджера я вошел со стороны создания своего стартап проекта. Я получил богатый первый опыт, так как сразу начинал с должности руководителя компании.После передачи проекта меня заинтересовала работа по найму в крупных организациях. Ведь именно там можно применить все свои навыки в интересных и крупных проектах."
6,%D1%80%D0%BE%D0%BC%D0%B0%D0%BD-%D1%82%D1%80%D0%B5%D0%B3%D1%83%D0%B1-644686a5,Роман Трегуб,Director of business development,Qlab.studio,Director of Business Development/ Product Owner,"it, fintech, productowner, productdevelopment, businessdevelopment","Москва, Москва, Россия",197,194,"Меня зовут Роман Трегуб, я Директор по развитию/ Product Owner.С 2013 года я занимаюсь развитием продуктов в сфере финтех и IT. Увеличиваю доходы бизнеса за счет того, что хорошо понимаю своих клиентов и настраиваю эффективные процессы внутри своих команд. Умею презентовать и продавать свой продукт клиентам топ - уровня.На данный момент, я ищу новый проект и открыт к интересным предложениям."
7,ellomend,,,,,,,,,
8,anton-kartunov-97415661,,,,,,,,,
9,%D0%B0%D0%BD%D0%B4%D1%80%D0%B5%D0%B9-%D1%87%D0%B5%D1%80%D0%BD%D0%BE%D1%83%D1%81%D0%BE%D0%B2-630355101,,,,,,,,,
11,tatberezka,,,,,,,,,
12,agratoth,,,,,,,,,
13,vladbadaev,,,,,,,,,
14,mikhailsolovyev,,,,,,,,,
15,hanagantig,,,,,,,,,
16,%D0%BF%D0%BE%D0%BB%D0%B8%D0%BD%D0%B0-%D0%BC%D1%83%D1%80%D0%B0%D0%B2%D1%8C%D0%B5%D0%B2%D0%B0-61129220a,,,,,,,,,
17,olgaperun,,,,,,,,,
18,anna-nurgaleeva-ba9a6338,,,,,,,,,
19,lobova-m,,,,,,,,,
20,mikhail1331,,,,,,,,,
21,mkazlouski,,,,,,,,,
22,%D0%B0%D0%BB%D0%B5%D0%BA%D1%81%D0%B5%D0%B9-%D0%BB%D0%B0%D0%BF%D1%88%D0%B8%D0%BD-a41616b9,,,,,,,,,
23,userexy,,,,,,,,,
24,marina-bibilati-a36884198,,,,,,,,,
25,elizaveta-morozooova,,,,,,,,,
26,ildar-abdullin,,,,,,,,,
27,alexander-ui,,,,,,,,,
28,olegisit,,,,,,,,,
29,nezhnik,,,,,,,,,
30,olesia-onishchenko-aa926a213,,,,,,,,,
31,anton-s-baranov,,,,,,,,,
32,rdvydov,,,,,,,,,
33,sergey-shershen,,,,,,,,,
34,pavelandronov,,,,,,,,,
35,vladimir-yelizaroff-575b6884,,,,,,,,,
36,%D0%B2%D1%8F%D1%87%D0%B5%D1%81%D0%BB%D0%B0%D0%B2-%D0%B2%D0%BE%D1%80%D0%BE%D0%B1%D1%8C%D1%91%D0%B2-822947217,,,,,,,,,
37,%D0%B2%D0%B8%D1%82%D0%B0%D0%BB%D0%B8%D0%B9-%D0%B2%D0%B8%D0%B2%D1%81%D1%8F%D0%BD%D1%8B%D0%B9-47767369,,,,,,,,,
38,nataliagosteva,,,,,,,,,
39,viktoriamatveeva,,,,,,,,,
40,%D0%B4%D0%B0%D1%80%D1%8C%D1%8F-%D0%B1%D0%B0%D0%B1%D1%83%D1%80%D0%BE%D0%B2%D0%B0-b67831242,,,,,,,,,
41,%D0%B2%D0%BB%D0%B0%D0%B4%D0%B8%D1%81%D0%BB%D0%B0%D0%B2-%D0%B7%D0%BE%D0%BB%D0%BE%D1%82%D0%BE%D0%B2-413238116,,,,,,,,,
42,russiancmo,,,,,,,,,
43,dkzkv,,,,,,,,,
44,sashachern,,,,,,,,,
45,martamoshkin,,,,,,,,,
46,melekes,,,,,,,,,
47,iilonadesign,,,,,,,,,
48,maximpanfilov,,,,,,,,,
49,ordalion,,,,,,,,,
50,fisherdsgn,,,,,,,,,
51,designeragaltsova,,,,,,,,,
52,anastasiya-sharikova,,,,,,,,,
53,drazd,,,,,,,,,
54,aleksandr-potapov,,,,,,,,,
55,startok,,,,,,,,,
56,nvipetrenko,,,,,,,,,
57,fedoseevaaliia,,,,,,,,,
58,ruslan-koynov,,,,,,,,,
59,%D1%81%D1%82%D0%B5%D0%BF%D0%B0%D0%BD-%D0%B8%D0%B3%D0%BE%D0%BD%D0%B8%D0%BD-6705b31ab,,,,,,,,,
60,enjirouz,,,,,,,,,
61,raphael-usmanov,,,,,,,,,
62,shoshiev,,,,,,,,,
63,romarayt,,,,,,,,,
64,thearsen,,,,,,,,,
65,alexander-ternovoy,,,,,,,,,
66,conrad-kondratenko,,,,,,,,,
67,tatiana-poroshina,,,,,,,,,
68,ivan-shtaer,,,,,,,,,
69,vladimirmoiseev,,,,,,,,,
70,eduard-kantemirov,,,,,,,,,
71,andrey-mashukov,,,,,,,,,
72,anton-chvertkov-832258a9,,,,,,,,,
73,alekskuznetsov,,,,,,,,,
74,%D0%B0%D0%BD%D0%B3%D0%B5%D0%BB%D0%B8%D0%BD%D0%B0-%D0%BE%D0%BD%D0%B4%D0%B0%D1%80-834b41227,,,,,,,,,
75,ko22009,,,,,,,,,
76,oleg-blednov,,,,,,,,,
77,anna-zaytseva-hrst,,,,,,,,,
78,%D0%B5%D0%B3%D0%BE%D1%80-%D0%BC%D0%BE%D1%81%D0%BA%D0%B2%D0%B8%D0%BD-bb4438158,,,,,,,,,
79,azamat-orynbay-6b3193142,,,,,,,,,
80,ukstina,,,,,,,,,
81,maxbolshakov,,,,,,,,,
82,kris-kostina,,,,,,,,,
83,%D0%B0%D0%BB%D0%B5%D0%BA%D1%81%D0%B0%D0%BD%D0%B4%D1%80-%D0%BA%D0%BB%D0%B5%D0%BD-083117200,,,,,,,,,
84,nancy-scott-4488831aa,,,,,,,,,
85,argunov,,,,,,,,,
86,yekaterina-raipova-b13b73a0,,,,,,,,,
87,evmitrofanov,,,,,,,,,
88,munis-ashrapov,,,,,,,,,
89,oleksii-udovenko,,,,,,,,,
90,prof-egor-piskaykin-31b53768,,,,,,,,,
91,sprytin,,,,,,,,,
92,timurdurmagambetov,,,,,,,,,
93,avnesterovich,,,,,,,,,
94,tudor-c-449a9522b,,,,,,,,,
95,surenharutyunyanc,,,,,,,,,
96,bexultan-aukenov-022a521b9,,,,,,,,,
97,svetlana-tikhonova,,,,,,,,,
98,kairat-baktygul-6b8603193,,,,,,,,,
99,kvakimkin,,,,,,,,,
100,anton-cucer,,,,,,,,,
101,volha-dorash,,,,,,,,,
102,levonabelyan,,,,,,,,,
103,antoninabondareva,,,,,,,,,
104,irina-bletko,,,,,,,,,
105,vadim-prushchik-847a5891,,,,,,,,,
106,angelina-zagorskaya-73a867236,,,,,,,,,
107,mdemkovich,,,,,,,,,
108,vladimirfilonov,,,,,,,,,
109,rysych,,,,,,,,,
110,khaustov-oleg,,,,,,,,,
111,ferrethikky,,,,,,,,,
112,vuralcancanbolat,,,,,,,,,
113,jullianasobko,,,,,,,,,
114,mixailtimofeev,,,,,,,,,
115,valerian-valkin,,,,,,,,,
116,elena-monharova,,,,,,,,,
117,daryn-arkadan-a82514221,,,,,,,,,
118,denys-dumynskyi-163574245,,,,,,,,,
119,juliaknyrko,,,,,,,,,
120,anna-bessarabova-519664137,,,,,,,,,
121,damiruali,,,,,,,,,
122,oleksandr-vidiuk-3828a9171,,,,,,,,,
123,itrecruiterzeon,,,,,,,,,
124,dmitriiagaev,,,,,,,,,
125,vladislav-filinkov,,,,,,,,,
126,svetlana-lifagina,,,,,,,,,
127,yury-zhukovsky,,,,,,,,,
128,nikolay-schwartz,,,,,,,,,
129,vpilip,,,,,,,,,
130,moeidsaleem,,,,,,,,,
131,vitalii-s-376113258,,,,,,,,,
132,antonabyzov,,,,,,,,,
133,ilyamin,,,,,,,,,
134,firuzmusayev,,,,,,,,,
135,linkwolf,,,,,,,,,
136,kokot-dmytro,,,,,,,,,
137,litvinov-dmitry,,,,,,,,,
138,arthur-d-g,,,,,,,,,
139,soyome,,,,,,,,,
140,hvozdynskyy,,,,,,,,,
141,alexander-borodin,,,,,,,,,
142,alefair,,,,,,,,,
143,michael-korolev-a01a68150,,,,,,,,,
144,neomodeon,,,,,,,,,
145,alexsichov,,,,,,,,,
146,vlad-s-a13018120,,,,,,,,,
147,artspark,,,,,,,,,
148,abdelhai95,,,,,,,,,
149,gorniv,,,,,,,,,
150,naji-walid-9a2751261,,,,,,,,,
151,yurii-zinych,,,,,,,,,
152,baltachtan,,,,,,,,,
153,mark-donya,,,,,,,,,
154,votumam,,,,,,,,,
155,elizaveta-kalinina-3aab58214,,,,,,,,,
156,%D0%BC%D0%B0%D1%80%D0%B8%D1%8F-%D0%B3%D0%B0%D0%BB%D0%B8%D0%B5%D0%B2%D0%B0-57b18740,,,,,,,,,
157,mariamprazyan,,,,,,,,,
158,dmitry-creator,,,,,,,,,
159,growwithserge,,,,,,,,,
160,polina-kovchuk-47a924203,,,,,,,,,
161,aydinkhalil,,,,,,,,,
162,boro-uiux,,,,,,,,,
163,vaitsakhouski,,,,,,,,,
164,eve-brin,,,,,,,,,
165,nazarowaalia,,,,,,,,,
166,dariagrigoreva,,,,,,,,,
167,vladimir-loskutov,,,,,,,,,
168,aveirun,,,,,,,,,
169,vadamovich,,,,,,,,,
170,kseniabudarina,,,,,,,,,
171,irina-naumova-rotenberg-a4620a207,,,,,,,,,
172,%D0%B5%D1%80%D0%BB%D0%B0%D0%BD-%D0%B0%D1%85%D0%BC%D0%B5%D1%82%D0%BE%D0%B2-32532258,,,,,,,,,
173,amary-filo,,,,,,,,,
174,yuliya-vasilko-5b4394171,,,,,,,,,
175,sergeysova,,,,,,,,,
176,andre-kuzminykh,,,,,,,,,
177,anastasiia-boiarchuk,,,,,,,,,
178,aduchenchuk,,,,,,,,,
179,rmbk,,,,,,,,,
180,alissa-lenz-b298ab209,,,,,,,,,
181,nikita-smotrov-%F0%9F%87%BA%F0%9F%87%A6-4a9366ab,,,,,,,,,
182,r-a-sh,,,,,,,,,
183,katerinaledokol,,,,,,,,,
184,anko12,,,,,,,,,
185,yuliii,,,,,,,,,
186,anton-ivanov-a3b633a4,,,,,,,,,
187,azaikin,,,,,,,,,
188,helenlonskaya,,,,,,,,,
189,-daria-,,,,,,,,,
190,dianaluschik,,,,,,,,,
191,morskyi,,,,,,,,,
192,viktoriia-bilyk-38b6387b,,,,,,,,,
193,rfahreev,,,,,,,,,
194,sergey-sesiutchenkov-3ab65923a,,,,,,,,,
195,elcodabra,,,,,,,,,
196,serhii-verzhbytskyi-86a81a56,,,,,,,,,
197,gleb-garusov,,,,,,,,,
198,bekuzba,,,,,,,,,
199,ilyapl,,,,,,,,,
200,olena-kulbych,,,,,,,,,
201,itdvdw,,,,,,,,,
202,themanback,,,,,,,,,
203,marina-a-577a64232,,,,,,,,,
204,alex-luz-178a1166,,,,,,,,,
205,max-berezynskyi-684a79b9,,,,,,,,,
206,andrei-dabkus-b7a499205,,,,,,,,,
207,ikolosynskiy,,,,,,,,,
208,morozovalina,,,,,,,,,
209,volodymyr-kaminovskyy,,,,,,,,,
210,dmitry-butyrin-60a6474a,,,,,,,,,
211,maximkibrik,,,,,,,,,
212,alex-semenov-b29355245,,,,,,,,,
213,daria-gerasimova1,,,,,,,,,
214,tetiana-holovchenko-a4b305b1,,,,,,,,,
215,irina-boldyrieva,,,,,,,,,
216,verakosheleva,,,,,,,,,
217,anhelina-mamoiko-6a9155246,,,,,,,,,
218,nikita-titov-523a27212,,,,,,,,,
219,%D0%B2%D0%B8%D1%82%D1%8F-%D0%BB%D0%BE%D0%BB%D0%BE%D0%BB%D0%BE-ba604b202,,,,,,,,,
220,cristinaojog,,,,,,,,,
221,rustem-dzhuraiev-b25645248,,,,,,,,,
222,%D0%BC%D0%B0%D1%80%D1%96%D1%8F-%D0%BB-2700791b3,,,,,,,,,
223,nikvladimir,,,,,,,,,
224,arkadiyarustamov,,,,,,,,,
225,bogmichael,,,,,,,,,
226,anna-haik,,,,,,,,,
227,mikadzesalome,,,,,,,,,
228,abdrahmanov,,,,,,,,,
229,olena-koval-b3b501192,,,,,,,,,
230,helen-gabinska-a73b64226,,,,,,,,,
231,tanasov,,,,,,,,,
232,elena-tsemirava,,,,,,,,,
233,galinavinter,,,,,,,,,
234,oleh-frolov-webnauts,,,,,,,,,
235,yuriykorobeynik,,,,,,,,,
236,codethenpizza,,,,,,,,,
237,ekaterina-khoruzheva-11412b237,,,,,,,,,
238,dyakov-ivan,,,,,,,,,
239,egor-saharov-957022241,,,,,,,,,
240,benkendorf,,,,,,,,,
241,vadim-dyvlyash,,,,,,,,,
242,yugoru,,,,,,,,,
243,hanna-burymenko-578602141,,,,,,,,,
244,talap-kenzhebaev,,,,,,,,,
245,nikolay-liubimov,,,,,,,,,
246,akudymovsky,,,,,,,,,
247,vnzubarev,,,,,,,,,
248,darya-shamko-63b881196,,,,,,,,,
249,andrew-medvedev,,,,,,,,,
250,tatsiana-kadyko-uxuidesign,,,,,,,,,
251,kseniia-tiurikova-39794063,,,,,,,,,
252,olga-jobs-it,,,,,,,,,
253,vvhrytsenko,,,,,,,,,
254,artem-purlo-%F0%9F%87%BA%F0%9F%87%A6-617025137,,,,,,,,,
255,liliya-khatskevich,,,,,,,,,
256,maksyakovets,,,,,,,,,
257,yuliazalesskaya,,,,,,,,,
258,valeria-stankevichhh,,,,,,,,,
259,skarmind,,,,,,,,,
260,swatantra-trivedi-web-designer,,,,,,,,,
261,agarbovski,,,,,,,,,
262,crazystudio,,,,,,,,,
263,dmitrybercan,,,,,,,,,
264,bimluck,,,,,,,,,
265,ikhokhryakov,,,,,,,,,
266,arseni-mazolevski-b536b6233,,,,,,,,,
267,serdar-agadurdyev,,,,,,,,,
268,alina-klimakhovich,,,,,,,,,
269,arsdever,,,,,,,,,
270,imranvaliyev,,,,,,,,,
271,katerinafilinkova,,,,,,,,,
272,dan-henyk,,,,,,,,,
273,vira-pupentsova-3b2069230,,,,,,,,,
274,artyommartynov,,,,,,,,,
275,olganikishkina,,,,,,,,,
276,adilbek-dostiyarov,,,,,,,,,
277,sergei-vasilkovskii,,,,,,,,,
278,iryna-korelina-17ba40236,,,,,,,,,
279,vitalii-liubymov-b41862220,,,,,,,,,
280,andrey-anderzhanov,,,,,,,,,
281,romanhutnyk,,,,,,,,,
282,albert-akhmetov,,,,,,,,,
283,robert-quainoo-076704b8,,,,,,,,,
284,mary-pop,,,,,,,,,
285,polinalazareva,,,,,,,,,
286,vladislav-rozenberg-9b6639231,,,,,,,,,
287,nickastreika,,,,,,,,,
288,artemshar,,,,,,,,,
289,dasha-ganebnaya-a99381244,,,,,,,,,
290,andreykhalov,,,,,,,,,
291,ruslan-kochubarov,,,,,,,,,
292,ivan-mushavets,,,,,,,,,
293,mbkn8,,,,,,,,,
294,valitskiydmitriy,,,,,,,,,
295,alina-poperechnaya,,,,,,,,,
296,tataslovak,,,,,,,,,
297,gorpoghosyan,,,,,,,,,
298,artsiom-liskevich,,,,,,,,,
299,korytsky,,,,,,,,,
300,alexandr-basaraba,,,,,,,,,
301,antonlenskiy,,,,,,,,,
302,yersar,,,,,,,,,
303,katerynaovchar,,,,,,,,,
304,bohdanstruk,,,,,,,,,
305,yuriy-pryima,,,,,,,,,
306,valeryiayatsuk,,,,,,,,,
307,haideraliedu,,,,,,,,,
308,vdrogan,,,,,,,,,
309,andrew-lavrenov,,,,,,,,,
310,ilya-grigorenko-093003250,,,,,,,,,
311,yuliya-l-b60416223,,,,,,,,,
312,maxbaluev,,,,,,,,,
313,solomiiakots-9b6518176,,,,,,,,,
314,lextrukhin,,,,,,,,,
315,muradaskerov,,,,,,,,,
316,bolatplus,,,,,,,,,
317,volochkovtimofey,,,,,,,,,
318,vbuzin,,,,,,,,,
319,natallia-mytnik-0a0893129,,,,,,,,,
320,andrei-zhukouski,,,,,,,,,
321,vi%D1%81tor-prilutskiy,,,,,,,,,
322,dmitrygavryukhin,,,,,,,,,
323,arturowin,,,,,,,,,
324,sspetrov,,,,,,,,,
325,vladislav-popov-2021,,,,,,,,,
326,shafique-s-40720146,,,,,,,,,
327,pikman,,,,,,,,,
328,fedoriv,,,,,,,,,
329,viktoryia-dziuka-52b7311b9,,,,,,,,,
330,maksim-atiutskiy,,,,,,,,,
331,rodionbadak,,,,,,,,,
332,andreynovikov,,,,,,,,,
333,nikita-skorobogach-96b72b22b,,,,,,,,,
334,kandiralana,,,,,,,,,
335,tentser,,,,,,,,,
336,comisarov,,,,,,,,,
337,oleksandrkyrdan,,,,,,,,,
338,nikolay-selin,,,,,,,,,
339,tanya-rybtsova,,,,,,,,,
340,bakhytzhan-zhakazhanov,,,,,,,,,
341,ulugbekalimov,,,,,,,,,
342,yuriy-kaminovskyy,,,,,,,,,
343,anna-pronina,,,,,,,,,
344,nikita-tretyakov,,,,,,,,,
345,richardash,,,,,,,,,
346,denis-bunchenko,,,,,,,,,
347,vlad-sergeev,,,,,,,,,
348,maria-punda,,,,,,,,,
349,pavel-nowak,,,,,,,,,
350,cyrilbialo,,,,,,,,,
351,nataliarudik,,,,,,,,,
352,matthew-kuzmin,,,,,,,,,
353,tanya-stoyko,,,,,,,,,
354,abdulla3d,,,,,,,,,
355,vkyrieiev,,,,,,,,,
356,konstantin-gytko,,,,,,,,,
357,viktor-zhitomirskiy,,,,,,,,,
358,sadfuzzy,,,,,,,,,
359,andrei-webx,,,,,,,,,
360,albert-oganesyan,,,,,,,,,
361,arybalko,,,,,,,,,
362,yerbolat-tazhkeyev,,,,,,,,,
363,raiars,,,,,,,,,
364,%D0%B0%D0%BD%D1%82%D0%BE%D0%BD-%D0%B4%D0%B5%D0%BB%D0%B5%D0%BD%D0%B4%D0%B8%D0%BA-89a283168,,,,,,,,,
365,ilya-uhlianitsa,,,,,,,,,
366,hrach-avagyan-781a44111,,,,,,,,,
367,orest-hudziy,,,,,,,,,
368,george--adam,,,,,,,,,
369,justjeb,,,,,,,,,
370,sona-virabyan-a4a228173,,,,,,,,,
371,nikolasapulido,,,,,,,,,
372,nicholasvasilkov,,,,,,,,,
373,supersymmetry,,,,,,,,,
374,anastasiahlushakova,,,,,,,,,
375,vladyslav-mashkara-31367187,,,,,,,,,
376,andranik-mkhitaryan,,,,,,,,,
377,andranikmirzoyan,,,,,,,,,
378,kamil-ismagilov-react,,,,,,,,,
379,aydesign1,,,,,,,,,
380,andrey-davidovich,,,,,,,,,
381,kamran-yakubov,,,,,,,,,
382,auphotoart,,,,,,,,,
383,shakhobiddin-giyasov-761a85254,,,,,,,,,
384,suxrobgm,,,,,,,,,
385,katerina-shalova-090b3915b,,,,,,,,,
386,anastasia-prokhorova-a1b141119,,,,,,,,,
387,andrrey,,,,,,,,,
388,alexander-berezovskyi-ios,,,,,,,,,
389,rybitva,,,,,,,,,
390,scriptopit,,,,,,,,,
391,phbelov,,,,,,,,,
392,anastasiya-burdeyna,,,,,,,,,
393,designer-boris,,,,,,,,,
394,anastasia-kosovan,,,,,,,,,
395,metheoryt,,,,,,,,,
396,hayk-avdishyan-95b91b66,,,,,,,,,
397,jasurkurbanov,,,,,,,,,
398,vgnity,,,,,,,,,
399,temerlan-tlegenov-8a02881b4,,,,,,,,,
400,irina-bondarchik,,,,,,,,,
401,soinroman,,,,,,,,,
402,vboyev,,,,,,,,,
403,dagorbachev,,,,,,,,,
404,dternovsky,,,,,,,,,
405,anakomissarof,,,,,,,,,
406,romanzayarny,,,,,,,,,
407,serg-drozdov,,,,,,,,,
408,yana-ivchak-%F0%9F%87%BA%F0%9F%87%A6-8a7564225,,,,,,,,,
409,dasha-pivovarova-25245b115,,,,,,,,,
410,mishachepurnyak,,,,,,,,,
411,nikita-sviridenko,,,,,,,,,
412,-ruslan-umanoff,,,,,,,,,
413,diyorbekrustamjonov,,,,,,,,,
414,antonhoncharuk,,,,,,,,,
415,sergeynikolaenko,,,,,,,,,
416,fedorivanenko,,,,,,,,,
417,kateryna-pohrebniak,,,,,,,,,
418,lizavetabusko,,,,,,,,,
419,andrew-shymanski,,,,,,,,,
420,oybek-ostanakulov,,,,,,,,,
421,evgeny-k-a13aaa16b,,,,,,,,,
422,nikeatcar,,,,,,,,,
423,oleg-ladygin-design,,,,,,,,,
424,nikita-teremets-794a27230,,,,,,,,,
425,yevgeniy-movchun-lawyer,,,,,,,,,
426,hayk-grigoryan1,,,,,,,,,
427,liudmila-klimusheuskaja-a5601192,,,,,,,,,
428,hanna-tiselko-8b9a4825,,,,,,,,,
429,kamushken,,,,,,,,,
430,dinara-content-manager,,,,,,,,,
431,guden,,,,,,,,,
432,alexchumakou,,,,,,,,,
433,aleksandrkulikov,,,,,,,,,
434,alexandermx,,,,,,,,,
435,denys-mykhailo,,,,,,,,,
436,lesia-lobatiuk-aa61a6b6,,,,,,,,,
437,lana-mohish,,,,,,,,,
438,magomedaliev,,,,,,,,,
439,tigranyandavit,,,,,,,,,
440,a-shynkarov,,,,,,,,,
441,alexandr-chernov-97bb1b90,,,,,,,,,
442,veranika-sasnouskaya,,,,,,,,,
443,eugene-diachenko-arounda-agency,,,,,,,,,
444,igor-gonchar,,,,,,,,,
445,nina-faleeva-a09b19234,,,,,,,,,
446,eugene-didenko-261799b0,,,,,,,,,
447,spatari-stanislav,,,,,,,,,
448,eldjalalov,,,,,,,,,
449,alexander-bulatov,,,,,,,,,
450,jana-lukan-b47796100,,,,,,,,,
451,daria-verman,,,,,,,,,
452,tamaranadjafova,,,,,,,,,
453,bahriddin-abdiev-874b2277,,,,,,,,,
454,daniel-hambardzumyan-1a624a15b,,,,,,,,,
455,eugene-bazdyriev-4a39a760,,,,,,,,,
456,andreyrybin,,,,,,,,,
457,sergeysavenkov,,,,,,,,,
458,dibuenio,,,,,,,,,
459,andrew-terekhin,,,,,,,,,
460,slc8,,,,,,,,,
461,murod-talipov,,,,,,,,,
462,zakharovanton,,,,,,,,,
463,anna-lumelskaya-8942b647,,,,,,,,,
464,slaknoah,,,,,,,,,
465,evgeny-mahnach,,,,,,,,,
466,vladimir-smirnov-litslink,,,,,,,,,
467,anntomova,,,,,,,,,
468,veronicarudman,,,,,,,,,
469,vasylkuchma,,,,,,,,,
470,nikolays,,,,,,,,,
471,s-mirzoev,,,,,,,,,
472,roland-moss-16a460151,,,,,,,,,
473,adina-safaralieva,,,,,,,,,
474,viktorle,,,,,,,,,
475,evgeniya-kubryak,,,,,,,,,
476,mrleksiy,,,,,,,,,
477,anatoliy-khlebick,,,,,,,,,
478,anton-tkachov1,,,,,,,,,
479,yakovmanshin,,,,,,,,,
480,leonid-rabinovich-062984116,,,,,,,,,
481,d-suchkou,,,,,,,,,
482,roberto-aldosivi,,,,,,,,,
483,mamykoevgenia,,,,,,,,,
484,kravchenkovv,,,,,,,,,
485,grigorii-bordiugov-4161314b,,,,,,,,,
486,serjreds,,,,,,,,,
487,stanislav-kazakov,,,,,,,,,
488,abanindenis,,,,,,,,,
489,ilya-popov-b9bb48183,,,,,,,,,
490,jtprogru,,,,,,,,,
491,sergey-lazar-958217199,,,,,,,,,
492,paul-kostrigin,,,,,,,,,
493,vsevolod-zhmurov-546062149,,,,,,,,,
498,aleksey-kochetkov-ds,,,,,,,,,
499,alexcollin,,,,,,,,,
503,elabpro,,,,,,,,,
504,krylovalexandr,,,,,,,,,
506,andkur,,,,,,,,,
507,petr-riabov,,,,,,,,,
508,evgenii-andrievskii,,,,,,,,,
509,daria-ivanova-0b3493218,,,,,,,,,
510,hrm-%D0%BF%D0%BE%D0%BB%D0%B8%D0%BD%D0%B0,,,,,,,,,
511,diamn,,,,,,,,,
512,alexxspb,,,,,,,,,
513,aragast,,,,,,,,,
514,denis-magon-1551851a3,,,,,,,,,
515,alexey-pankratyev,,,,,,,,,
516,anm6988,,,,,,,,,
517,syimyk-zhantoroev,,,,,,,,,
518,evgeniy-samuilovich,,,,,,,,,
519,t-mkrtchyan,,,,,,,,,
520,alexander-ilves-2009,,,,,,,,,
521,maidankamshat,,,,,,,,,
522,jamalshahverdiev,,,,,,,,,
523,maxat-a-970770151,,,,,,,,,
524,ilya-kiselev,,,,,,,,,
525,bgolynski,,,,,,,,,
526,denis-bogatenkov,,,,,,,,,
527,kirillkazarin,,,,,,,,,
528,mikhailpanov,,,,,,,,,
529,igorignatev,,,,,,,,,
530,aleksey-zilberov-258579234,,,,,,,,,
531,alex-shylo,,,,,,,,,
532,aliaksei-kulik,,,,,,,,,
533,ovdii,,,,,,,,,
535,anatoliy-dadashev,,,,,,,,,
536,viktar-mikalayeu-mns,,,,,,,,,
537,dzmitriy-romanovich-2a2745a3,,,,,,,,,
538,maksimmuravev,,,,,,,,,
539,dmytro-symonenko-good-game,,,,,,,,,
540,yusuf-zokirjon-74462b138,,,,,,,,,
541,kristina-orekhova-177a49179,,,,,,,,,
542,orginux,,,,,,,,,
543,ilya-bozhko,,,,,,,,,
544,ivan-mostovich,,,,,,,,,
545,pavel-kalinin,,,,,,,,,
546,danilapaddubny,,,,,,,,,
547,david-furman,,,,,,,,,
548,ilyautov,,,,,,,,,
549,abdulvoris-urolov,,,,,,,,,
550,ruslan-garayev,,,,,,,,,
551,mikhail-pikman,,,,,,,,,
552,dmitry-obraztsov-0215b9b4,,,,,,,,,
553,mrmrmr,,,,,,,,,
554,nikolai-akulov,,,,,,,,,
556,devops-akuznetsov,,,,,,,,,
557,viachaslau-matsukevich,,,,,,,,,
558,mikita-sharayeu,,,,,,,,,
559,kazbek-tokaev-315920194,,,,,,,,,
560,bubnovd,,,,,,,,,
561,andrew-bigdan,,,,,,,,,
562,vladimirsamoylov,,,,,,,,,
563,maksim-artemev-python-backend-engineer,,,,,,,,,
564,michaelbarbine,,,,,,,,,
565,georgepoputnikov,,,,,,,,,
566,shubhankar-thapliyal-75a127a4,,,,,,,,,
567,eugenestarchenko,,,,,,,,,
568,dmytro-konstantynov,,,,,,,,,
569,olga-emelianova-aa80a410a,,,,,,,,,
570,maria-popereka,,,,,,,,,
571,laikovski,,,,,,,,,
572,maksimaniskov,,,,,,,,,
573,victoria-kuleshova-778151b2,,,,,,,,,
574,oleg-tsoy-527b0b86,,,,,,,,,
575,vvkhash,,,,,,,,,
576,evgeniy-vovney,,,,,,,,,
577,alexander-stadolnik,,,,,,,,,
578,mtokarev,,,,,,,,,
579,roman-agabekov,,,,,,,,,
580,andreivolkau,,,,,,,,,
581,dbran,,,,,,,,,
582,anna-husarova,,,,,,,,,
584,arnakgevorgyan,,,,,,,,,
585,vosin,,,,,,,,,
586,oleksandr-yastrebov,,,,,,,,,
587,dmitriy-vishnyov,,,,,,,,,
588,vshynkar,,,,,,,,,
589,nikitapermikov,,,,,,,,,
590,roman-belshevitz,,,,,,,,,
591,eldar-dragomir,,,,,,,,,
592,konstantin-golubenko-38583677,,,,,,,,,
593,dsmenov,,,,,,,,,
594,qnar-martirosyan-7aaa3213a,,,,,,,,,
595,requiemofthesouls,,,,,,,,,
597,alexandr-chernyshev,,,,,,,,,
598,oleh-lavrenko,,,,,,,,,
599,mskutin,,,,,,,,,
600,timur-galeev,,,,,,,,,
602,maksym-pyrohoid,,,,,,,,,
603,prashkovich,,,,,,,,,
604,vladimir-mukhin-devops,,,,,,,,,
605,defaultuser,,,,,,,,,
606,vromanuk,,,,,,,,,
607,vladimir-belousov,,,,,,,,,
608,serhii-kupriienko,,,,,,,,,
609,motakuk,,,,,,,,,
610,barbarov,,,,,,,,,
611,olga-kramarenko2021,,,,,,,,,
612,pavel-popov-shep,,,,,,,,,
613,ivan-shkaruba,,,,,,,,,
614,alimov-8,,,,,,,,,
615,ivanov1,,,,,,,,,
616,kseniia-lukonina-a4a115238,,,,,,,,,
617,vital-yevtushenko,,,,,,,,,
618,thedoytsujin,,,,,,,,,
619,kaushik-nagani-9a6447117,,,,,,,,,
620,dmitrii-borisevich,,,,,,,,,
621,dutchakdev,,,,,,,,,
622,mikalai-kasmachou-aa819262,,,,,,,,,
623,ndonets,,,,,,,,,
624,adilan-akhramovich-914132158,,,,,,,,,
625,vprovorov,,,,,,,,,
626,alukin40,,,,,,,,,
627,nikkotov,,,,,,,,,
628,ulugbek-bahromov,,,,,,,,,
629,yury-ialtanskii,,,,,,,,,
630,bolat-tleubayev,,,,,,,,,
631,suren-martirosyan-23abb01a9,,,,,,,,,
632,saifsms91,,,,,,,,,
633,komiljon-kodirov,,,,,,,,,
634,morozovda,,,,,,,,,
635,alekseimrzv,,,,,,,,,
636,svitlanakravchenko,,,,,,,,,
637,maksimhajiyev,,,,,,,,,
638,michaelbaytenov,,,,,,,,,
639,alex-kuznetsov-fcom,,,,,,,,,
640,diyorbek-mamadaliev,,,,,,,,,
641,sultanyusifzadeh,,,,,,,,,
642,pshukhman,,,,,,,,,
643,yuri-gubin,,,,,,,,,
644,chigrinets,,,,,,,,,
645,petr-leontev,,,,,,,,,
646,ruspanov,,,,,,,,,
647,evgeny-mediany,,,,,,,,,
648,kgorobinska,,,,,,,,,
649,julia-kanaikina-16729912b,,,,,,,,,
650,ivan-hilevych,,,,,,,,,
651,iximiuz,,,,,,,,,
652,davronbek-boltayev,,,,,,,,,
653,michael-stroganov-0a1153208,,,,,,,,,
654,sergei-gorshkov,,,,,,,,,
655,romanchukrv,,,,,,,,,
656,kseniia-kolesnichenko,,,,,,,,,
657,soslan-tabuev,,,,,,,,,
658,kuandykov,,,,,,,,,
659,keruwell,,,,,,,,,
660,smirnov-evgeny,,,,,,,,,
661,andreiamirov,,,,,,,,,
662,voskresenskiianton,,,,,,,,,
663,ababynin,,,,,,,,,
664,lyapina,,,,,,,,,
665,andreyfilipev,,,,,,,,,
666,evgenii-pishchik,,,,,,,,,
667,st-vladislav-datalize,,,,,,,,,
668,reznikovivan,,,,,,,,,
669,helen-paremska-175133151,,,,,,,,,
670,oleg-metzger-phd-859388216,,,,,,,,,
671,bakhtiyor-sulaymonov,,,,,,,,,
672,kamila-t,,,,,,,,,
673,iskandar-soliev-79b1181b3,,,,,,,,,
674,murashevandrey,,,,,,,,,
676,henriarm,,,,,,,,,
678,kseniia-staroverova,,,,,,,,,
679,vazgen-tadevosyan,,,,,,,,,
680,dolzhikof,,,,,,,,,
681,binrey,,,,,,,,,
682,alexdotnet,,,,,,,,,
683,hamidmah,,,,,,,,,
684,selesnow,,,,,,,,,
685,polina-mosolova,,,,,,,,,
686,vproyaev,,,,,,,,,
687,claudiakitova,,,,,,,,,
688,alexeylukyanin,,,,,,,,,
689,john-occasion,,,,,,,,,
690,sameer1538,,,,,,,,,
691,nigar-mutallimova,,,,,,,,,
692,ibrahimaliyevv2,,,,,,,,,
693,1van-lavrentev,,,,,,,,,
694,ajayohri,,,,,,,,,
695,nstrezhnev,,,,,,,,,
696,mikhail-sarafanov-9289b3214,,,,,,,,,
697,kamaiz,,,,,,,,,
698,raushan-akayeva,,,,,,,,,
700,olya-melis,,,,,,,,,
701,danil-zherebtsov,,,,,,,,,
702,janisrubins,,,,,,,,,
703,anna-bezhanyan,,,,,,,,,
704,dinislamoraz,,,,,,,,,
705,kuuuzya,,,,,,,,,
706,embiotech,,,,,,,,,
707,semyon-a-sinchenko,,,,,,,,,
708,maryrumyantzeva,,,,,,,,,
709,igorkulaev,,,,,,,,,
710,roman-merkulov,,,,,,,,,
711,alevashov,,,,,,,,,
712,egor-krasnikov-44a311b9,,,,,,,,,
713,dubovich,,,,,,,,,
714,annapershukova,,,,,,,,,
715,lizasaigina,,,,,,,,,
716,alexanderkostyukov,,,,,,,,,
717,andlukyane,,,,,,,,,
718,vsevolod-demydov-14b36553,,,,,,,,,
719,wildchlamydia,,,,,,,,,
720,dariaserdyuk,,,,,,,,,
721,dosbol-aliev,,,,,,,,,
722,violetta-nechaeva,,,,,,,,,
723,akmal-mirzaev,,,,,,,,,
724,gubarev-maxim,,,,,,,,,
725,danylo-ivanchyshyn,,,,,,,,,
726,daryna-ivaskevych-743556100,,,,,,,,,
727,andrew-kovalenk0,,,,,,,,,
728,sasha-korovkina-5b992019b,,,,,,,,,
729,alexander-arganaidi,,,,,,,,,
730,gorchakovs,,,,,,,,,
731,ekaterina-malysheva,,,,,,,,,
732,alexander-lozko,,,,,,,,,
733,riyad-mehdiyev,,,,,,,,,
734,anton-vasiliuk-116a9593,,,,,,,,,
735,chrisvoncsefalvay,,,,,,,,,
736,oleksandr-marfin,,,,,,,,,
737,orkhanbakir,,,,,,,,,
738,evgenii-munin-01932a143,,,,,,,,,
739,aigerimshopenova,,,,,,,,,
740,denis-farnosov-888360150,,,,,,,,,
741,mrnitsa,,,,,,,,,
742,fuadaliyev98,,,,,,,,,
743,silindns,,,,,,,,,
744,sokaa2011,,,,,,,,,
745,tanyazyabkina,,,,,,,,,
746,shcherbakov-mikhail,,,,,,,,,
747,natsarkova,,,,,,,,,
748,ruth-sofia-landsberg,,,,,,,,,
749,olga-matveeva,,,,,,,,,
750,andrey-ilyukhin,,,,,,,,,
751,andrei-aslanov-a70899150,,,,,,,,,
752,dmitrybalabka,,,,,,,,,
753,divyam-talreja,,,,,,,,,
754,arronhovingham,,,,,,,,,
755,dariacolgecen,,,,,,,,,
756,otatarinova,,,,,,,,,
757,wannafiy,,,,,,,,,
758,alexandra-zaytseva-1a40a61b2,,,,,,,,,
759,shaig-kazimov,,,,,,,,,
760,yana-dmitriyeva,,,,,,,,,
761,romanpovzyk,,,,,,,,,
762,elegrous,,,,,,,,,
763,alexanderzakharov11,,,,,,,,,
764,gregoryfetisov,,,,,,,,,
765,aizhan-smith,,,,,,,,,
766,marialarinaanalyst,,,,,,,,,
767,farrukhbek-mukhitdinov,,,,,,,,,
768,vladimir-ploshay,,,,,,,,,
769,saidamir-marufkhujaev,,,,,,,,,
770,olga-sawall-218956186,,,,,,,,,
771,irinamakarkina,,,,,,,,,
772,abseejp,,,,,,,,,
773,gennadiy-obraztsov-018680234,,,,,,,,,
774,dmitry-lunin,,,,,,,,,
775,allahveran-haciyev,,,,,,,,,
776,work-smart,,,,,,,,,
777,ilpopov,,,,,,,,,
778,deerajlucky,,,,,,,,,
780,nikolai-neustroev,,,,,,,,,
781,elizaveta-koroleva-a44491194,,,,,,,,,
782,sergey-vakhreev-b1b795130,,,,,,,,,
783,alla-zaytseva,,,,,,,,,
784,strikoder,,,,,,,,,
785,ogurbych,,,,,,,,,
786,evgeniya-sukhodolskaya,,,,,,,,,
787,tatiana-botskina,,,,,,,,,
788,aiprof,,,,,,,,,
789,javokhir-khusanov,,,,,,,,,
790,yulia-ibr,,,,,,,,,
791,abdullah-kasri,,,,,,,,,
793,tisha-akulich-a1640869,,,,,,,,,
794,izhirnov,,,,,,,,,
795,antoleb,,,,,,,,,
796,%D0%B4%D0%BC%D0%B8%D1%82%D1%80%D0%B8%D0%B9-%D1%85%D0%B8%D1%85%D0%BE%D0%BB-017b17149,,,,,,,,,
797,taglitis,,,,,,,,,
798,sardorabdirayimov,,,,,,,,,
799,igor-sukharev-081046160,,,,,,,,,
800,varfalamei,,,,,,,,,
801,areg-azaryan,,,,,,,,,
802,behbudhamzayev,,,,,,,,,
803,malkielfalcone,,,,,,,,,
804,sazonov-pavel,,,,,,,,,
805,leonart,,,,,,,,,
806,michael-konstantinov,,,,,,,,,
807,dave-savio,,,,,,,,,
808,ssyrvachev,,,,,,,,,
809,lilitasatryan,,,,,,,,,
810,nastya-arutiunova,,,,,,,,,
811,farit-galeev-2a658118a,,,,,,,,,
812,egrobov,,,,,,,,,
813,jjmcarrascosa,,,,,,,,,
814,antonyelnikov,,,,,,,,,
815,kate-melnyk,,,,,,,,,
816,uliana-rybina-%F0%9F%A7%A0-6b3772217,,,,,,,,,
817,shaon2221,,,,,,,,,
818,annakhabibullina,,,,,,,,,
819,slava-bobrov,,,,,,,,,
820,kirill-markin,,,,,,,,,
821,valiotti,,,,,,,,,
822,aidos-kanapyanov,,,,,,,,,
824,mariam-martirosyan-pm,,,,,,,,,
825,dariia-yahova-22787979,,,,,,,,,
826,igor-demidov,,,,,,,,,
827,daniel-vyazhev-39973a251,,,,,,,,,
829,ptsisels,,,,,,,,,
830,olivierkhatib,,,,,,,,,
832,temur-kholmatov,,,,,,,,,
833,gpozdniakova,,,,,,,,,
834,maria-bondarenko-a56268127,,,,,,,,,
835,boikoartem,,,,,,,,,
836,annpastushko,,,,,,,,,
837,dina-miyerkhanova,,,,,,,,,
838,holoskevych,,,,,,,,,
839,mokryak,,,,,,,,,
840,vladimir-ovramenko,,,,,,,,,
841,alexeyermolaev,,,,,,,,,
842,hnizdovskyi,,,,,,,,,
843,standy66,,,,,,,,,
844,bessonovkirill,,,,,,,,,
845,maksymmlev,,,,,,,,,
846,engromova,,,,,,,,,
847,kashnitskiy,,,,,,,,,
848,hoviktamazyan,,,,,,,,,
849,dmytro-lukashov-857ab1162,,,,,,,,,
850,mikhail-merkurev,,,,,,,,,
851,epustozerov,,,,,,,,,
852,aleksei-u-118848a6,,,,,,,,,
853,alice-kolesnikova,,,,,,,,,
854,ryfeus,,,,,,,,,
855,rybindmitry,,,,,,,,,
856,alakaaay,,,,,,,,,
857,yakovenkoserhiy,,,,,,,,,
858,valeria-kogan-a843b766,,,,,,,,,
859,nemkova,,,,,,,,,
861,aryangulati,,,,,,,,,
862,terpellidiia,,,,,,,,,
863,gohar-ghukasyan-a9139619a,,,,,,,,,
864,evgeniy-tikhonov-48b60686,,,,,,,,,
865,anna-demchuk-0a920763,,,,,,,,,
866,colace,,,,,,,,,
867,vitalyschipkov,,,,,,,,,
868,excelciatraining,,,,,,,,,
869,nzhiltsov,,,,,,,,,
870,artyomkolas,,,,,,,,,
871,aliebman,,,,,,,,,
872,ifokeev,,,,,,,,,
873,haywoodanna,,,,,,,,,
874,yevhen-sevastianov-b32939215,,,,,,,,,
875,adamseym,,,,,,,,,
876,dmitrii-shubin,,,,,,,,,
877,aigul-salim,,,,,,,,,
878,vladimirpodolskiy,,,,,,,,,
879,nurlykuzdikbay,,,,,,,,,
880,aira-mongush,,,,,,,,,
881,artem-pm,,,,,,,,,
882,eugeneshilow,,,,,,,,,
883,leszek-mielnikow,,,,,,,,,
884,gromdimon,,,,,,,,,
885,lilianchisalita,,,,,,,,,
886,williamtanenbaum,,,,,,,,,
887,kate-bugakova,,,,,,,,,
888,andrew-stokes-software-engineer,,,,,,,,,
889,proyaev,,,,,,,,,
891,andrey-kapitonov-7823381a3,,,,,,,,,
892,borisatayan,,,,,,,,,
893,magnusthecollectioner,,,,,,,,,
894,nurken-ashenov,,,,,,,,,
895,vialyx,,,,,,,,,
896,dmitriy-kalashnikov-85a7a241,,,,,,,,,
898,viniciusmadureira,,,,,,,,,
899,anastasia-svetlichnaya,,,,,,,,,
900,asanginov,,,,,,,,,
901,tomweisbrot,,,,,,,,,
902,svelts,,,,,,,,,
903,vyacheslav-lukin,,,,,,,,,
904,anastasiiak,,,,,,,,,
905,senovalexander,,,,,,,,,
906,anton96vice,,,,,,,,,
908,levzabudko,,,,,,,,,
909,mark-krasotin,,,,,,,,,
910,alexazh,,,,,,,,,
911,daniel-maltsev-133638239,,,,,,,,,
912,aleksandra-gumennaia-6542a5128,,,,,,,,,
913,dmitryzinoviev,,,,,,,,,
914,aliyevtural,,,,,,,,,
915,alex-sheshnev,,,,,,,,,
916,peter-pletnyakov-98136062,,,,,,,,,
917,ola-kapinos-1ab44b123,,,,,,,,,
918,novruzovsb,,,,,,,,,
919,kroniker,,,,,,,,,
920,julia-reyes,,,,,,,,,
921,egor-folley,,,,,,,,,
922,irinapetrakovaotto,,,,,,,,,
923,dana-luhova,,,,,,,,,
924,krakovetskyi,,,,,,,,,
925,alexander-varlamov-8359054a,,,,,,,,,
926,thakobyan,,,,,,,,,
927,shakhizat-nurgaliyev,,,,,,,,,
928,durasovnikita,,,,,,,,,
929,dmytro-chumakov,,,,,,,,,
930,adityakrishnan,,,,,,,,,
931,victor-petrenko,,,,,,,,,
932,dennis-gavrilin-88719b50,,,,,,,,,
933,joshua-schoen,,,,,,,,,
934,andrew-demchenko,,,,,,,,,
935,tamerlanimanov,,,,,,,,,
937,alexpushkarev,,,,,,,,,
939,george-kasparyants,,,,,,,,,
940,dkisler,,,,,,,,,
941,ksenia-ponka-marketing-brand-communications-manager,,,,,,,,,
942,gracheva-olga,,,,,,,,,
943,mark-konig,,,,,,,,,
944,raunak-deep-srivastava-486b7984,,,,,,,,,
945,asifahmadofficial,,,,,,,,,
946,kamestony,,,,,,,,,
947,irinamuhina,,,,,,,,,
948,fedorshabashev,,,,,,,,,
949,anastasia-lukach,,,,,,,,,
950,zugaisina,,,,,,,,,
951,ekaterina-gerasimova-3ab952122,,,,,,,,,
952,hayk-will-karapetyan,,,,,,,,,
953,rohozinski,,,,,,,,,
954,alexandr-honchar,,,,,,,,,
955,kostyadoronin,,,,,,,,,
956,fedor-kovalev7,,,,,,,,,
957,themichaelgerrity,,,,,,,,,
958,hubrix,,,,,,,,,
959,yanina-yustinovich,,,,,,,,,
960,adamturaev,,,,,,,,,
961,lavrinchuck,,,,,,,,,
962,ilya-pyatnitskiy-b0016667,,,,,,,,,
963,richardgardnermodulus,,,,,,,,,
964,egorpavalyaev,,,,,,,,,
965,technicalgirl,,,,,,,,,
966,azamyatin,,,,,,,,,
967,kirillkorotaev,,,,,,,,,
968,trueslash,,,,,,,,,
969,levshenkov,,,,,,,,,
970,nozdrenkov,,,,,,,,,
971,dima-klochko,,,,,,,,,
972,daniilandreev,,,,,,,,,
973,oleksandrabernatska,,,,,,,,,
974,sofiasp,,,,,,,,,
975,pavel-kudrautsau,,,,,,,,,
976,rishitejura,,,,,,,,,
977,rvsergeev,,,,,,,,,
978,samiraakhan,,,,,,,,,
979,arti-burton,,,,,,,,,
980,tiruhi-sargsyan,,,,,,,,,
981,shzhv13,,,,,,,,,
982,almas-moldakanov,,,,,,,,,
983,mykhaylo-markevich,,,,,,,,,
984,vkleban,,,,,,,,,
985,olinivan,,,,,,,,,
986,tsgoware,,,,,,,,,
987,anton-dzyatkovskiy,,,,,,,,,
988,berezabz,,,,,,,,,
989,gvoykhansky,,,,,,,,,
990,coo-ifintech,,,,,,,,,
991,tiermak,,,,,,,,,
992,angelika-sharygina-7923b183,,,,,,,,,
993,arthur-leonov-b9071143,,,,,,,,,
995,andrei-voronin,,,,,,,,,
996,mikhailshperling,,,,,,,,,
997,mamedbekov,,,,,,,,,
998,alialeagha,,,,,,,,,
999,olegkirilenko,,,,,,,,,
1000,iforels,,,,,,,,,
1001,joneriksen,,,,,,,,,
1002,maxangelo987,,,,,,,,,
1003,chrissielightfoot,,,,,,,,,
1004,perfect-lead,,,,,,,,,
1005,sergey-kropotov-pm,,,,,,,,,
1006,maria-porotikova-kanevskaya-78910aa0,,,,,,,,,
1007,alex-starkov,,,,,,,,,
1008,alexeypekin,,,,,,,,,
1009,michael-a-kogan,,,,,,,,,
1010,427892b5,,,,,,,,,
1011,maxim-lomachenko-23077a196,,,,,,,,,
1012,mkapranov,,,,,,,,,
1014,alenavolobueva,,,,,,,,,
1015,e-timofeev,,,,,,,,,
1016,kristina-abramian,,,,,,,,,
1017,alena-bondarchuk,,,,,,,,,
1019,roman-ozhik-64970498,,,,,,,,,
1020,andrey-bodian-80b484186,,,,,,,,,
1021,iaroslavna-neshinskaia,,,,,,,,,
1022,valeriypetriev,,,,,,,,,
1023,petrzhigulev,,,,,,,,,
1024,everiva,,,,,,,,,
1025,stanislav-shostok,,,,,,,,,
1026,teymur-terrus,,,,,,,,,
1027,irinayurkova,,,,,,,,,
1028,mikhail-belov-a54286a0,,,,,,,,,
1029,kiverin,,,,,,,,,
1030,aaprs,,,,,,,,,
1031,abulav,,,,,,,,,
1032,%D0%B0%D0%BD%D0%B4%D1%80%D0%B5%D0%B9-%D1%88%D0%B5%D0%BF%D1%88%D0%B5%D0%BB%D0%B5%D0%B2%D0%B8%D1%87-3b7ba790,,,,,,,,,
1033,work-olha-novitska-,,,,,,,,,
1034,auromanov,,,,,,,,,
1035,natalia-garakhanova,,,,,,,,,
1038,gennadykuts,,,,,,,,,
1039,daria-zvyagina,,,,,,,,,
1040,aagafon,,,,,,,,,
1041,arefyeva,,,,,,,,,
1043,fedor-malyshko,,,,,,,,,
1044,mariia-kozyr,,,,,,,,,
1045,mirzo-kurbanau,,,,,,,,,
1046,elminaliev,,,,,,,,,
1047,pavelsinicin,,,,,,,,,
1048,yuriymakeev,,,,,,,,,
1049,georgikamoyan,,,,,,,,,
1050,viktoryia-bozhadomava-245577232,,,,,,,,,
1051,zhannur-kusmanova,,,,,,,,,
1054,olegmorshna,,,,,,,,,
1055,nikolay-lukinykh-495022181,,,,,,,,,
1057,asmilovanov,,,,,,,,,
1058,goryanskiy,,,,,,,,,
1059,aakostin,,,,,,,,,
1060,ekaterina-s-171751a1,,,,,,,,,
1061,maria-leonova,,,,,,,,,
1062,dmitry-zhukov-45032962,,,,,,,,,
1063,renata-faizova-810517244,,,,,,,,,
1064,vitukhin,,,,,,,,,
1065,chekmareff,,,,,,,,,
1066,raspopin,,,,,,,,,
1067,borisov-andrei,,,,,,,,,
1068,therapir,,,,,,,,,
1069,ihor-chekanov-head-of-pmo,,,,,,,,,
1070,stanislav-voloshchuk,,,,,,,,,
1071,tatiana-gridasova,,,,,,,,,
1073,fonfosters,,,,,,,,,
1074,renatzakirov,,,,,,,,,
1075,anastazjathepm,,,,,,,,,
1076,katerina-butyrskaya,,,,,,,,,
1077,vaidotastelycenas,,,,,,,,,
1078,alexeystepin,,,,,,,,,
1079,georgekuzmin,,,,,,,,,
1080,ex3nt,,,,,,,,,
1081,nurai-alisher-30b74a203,,,,,,,,,
1082,katerina-brodetskaya,,,,,,,,,
1083,inazdrachev,,,,,,,,,
1084,ansilevskaya,,,,,,,,,
1085,leonidkharkov,,,,,,,,,
1086,mamedovamaria,,,,,,,,,
1087,julespetrova,,,,,,,,,
1090,ruslanabishev,,,,,,,,,
1092,bondarskaya,,,,,,,,,
1093,bettercallsolt,,,,,,,,,
1094,mutrib-shodiev,,,,,,,,,
1095,pavlo-bondarchuk91,,,,,,,,,
1096,marina-tashireva,,,,,,,,,
1097,farhad-jabrayilov-610596214,,,,,,,,,
1098,alexandra-mont,,,,,,,,,
1099,victoria-pivovarchik,,,,,,,,,
1100,olhachmyr,,,,,,,,,
1102,den-volkov-7938234a,,,,,,,,,
1103,erunev,,,,,,,,,
1105,anastasiataf,,,,,,,,,
1107,kalantaevskii,,,,,,,,,
1108,olga-yakovleva-dr-web,,,,,,,,,
1109,julie-saltanova-1a5095126,,,,,,,,,
1110,eldaresiev,,,,,,,,,
1111,denisovillya,,,,,,,,,
1112,sugar52,,,,,,,,,
1113,dmitry-drozd-b0765551,,,,,,,,,
1114,victoriabryazgina,,,,,,,,,
1115,pavel-kapustin-559a74190,,,,,,,,,
1116,maxim-sablin,,,,,,,,,
1117,david-aganya-64b255207,,,,,,,,,
1119,danlitvinov,,,,,,,,,
1120,anton-tolkushin-6282a49b,,,,,,,,,
1121,maria-yudina27,,,,,,,,,
1123,jojef-ine-buck,,,,,,,,,
1124,olga-chestnykh-544a26214,,,,,,,,,
1125,yuryzachek,,,,,,,,,
1126,korolevasvetlana,,,,,,,,,
1127,%D0%B0%D0%BD%D0%B0%D1%81%D1%82%D0%B0%D1%81%D0%B8%D1%8F-%D1%88%D0%B0%D1%84%D1%80%D0%B0%D0%BD%D0%BE%D0%B2%D0%B0-238b8b254,,,,,,,,,
1128,vita-kryzhnia-b0b531192,,,,,,,,,
1129,pavelkuksa,,,,,,,,,
1130,khanim-dashdamirova-pmp%C2%AE-pmi-acp%C2%AE-1013715a,,,,,,,,,
1131,timur-akhtyamov,,,,,,,,,
1132,daria-korenkova,,,,,,,,,
1133,anastasiia-petriuk-390594159,,,,,,,,,
1134,evgeniy-bartov-it-and-medical-translations-into-russian-790b0740,,,,,,,,,
1135,borisazanov,,,,,,,,,
1136,kiyara-eldiyarova,,,,,,,,,
1137,mykyta-vvedenskyi,,,,,,,,,
1138,arayik-paturyan,,,,,,,,,
1139,polina-bespaloff,,,,,,,,,
1140,sergey-gazizov,,,,,,,,,
1141,agilepmhanna,,,,,,,,,
1144,jacek-artemiuk,,,,,,,,,
1145,maria-nasibyan,,,,,,,,,
1146,eldar-suleymanov,,,,,,,,,
1147,a-kazliakouskaya,,,,,,,,,
1148,olga-romanova-67474546,,,,,,,,,
1149,simon-tarskikh,,,,,,,,,
1150,margarita-aleksandrovna-9620581b5,,,,,,,,,
1151,%D1%82%D0%B0%D0%B8%D1%81%D0%B0-%D0%BC%D0%B8%D1%80%D0%B0%D0%BD%D0%BE%D0%B2%D0%B8%D1%87-54772298,,,,,,,,,
1152,ahkel,,,,,,,,,
1153,lyudmilalitvinenko,,,,,,,,,
1154,olga-podolskaya,,,,,,,,,
1155,artiomgretskiy,,,,,,,,,
1156,sergei-taranov-pm,,,,,,,,,
1157,marina-savruk,,,,,,,,,
1158,anastasiya-goroshuk,,,,,,,,,
1159,nikolay-kriventsov,,,,,,,,,
1160,sergii-k-a8617822b,,,,,,,,,
1161,tomaloseva,,,,,,,,,
1162,the-kalinina,,,,,,,,,
1165,voznytsia,,,,,,,,,
1166,ildar-khusainov-b274ab127,,,,,,,,,
1167,albina-zhdanova,,,,,,,,,
1168,ekaterina-dvoezhonova,,,,,,,,,
1170,haitham-youssef-phd-492887a9,,,,,,,,,
1171,dmitriiilenkov,,,,,,,,,
1172,kateryna-f-752276142,,,,,,,,,
1173,aleksandra-s-93172bb6,,,,,,,,,
1174,armangrigoryan1,,,,,,,,,
1175,daria-bobyleva-024455b7,,,,,,,,,
1176,arturbelski,,,,,,,,,
1177,jo%C3%ABlle-akanvou-94432661,,,,,,,,,
1178,vsliaptsova,,,,,,,,,
1179,ludmila-pashkevych,,,,,,,,,
1181,murphyman921,,,,,,,,,
1182,birzhan-smagul-pm,,,,,,,,,
1183,rzvarich,,,,,,,,,
1184,mazuryuliya,,,,,,,,,
1185,vlad-shabarin,,,,,,,,,
1186,elen-efremova-5b7170225,,,,,,,,,
1187,zotkina,,,,,,,,,
1189,alex-turkhanov,,,,,,,,,
1190,mariabargueva,,,,,,,,,
1191,darya-horn,,,,,,,,,
1192,irina-troschenko-369792247,,,,,,,,,
1193,kirichenkonikolay,,,,,,,,,
1194,maksim-rusin,,,,,,,,,
1195,irina-korenevich-267a8981,,,,,,,,,
1196,consvltant,,,,,,,,,
1197,klconsultant,,,,,,,,,
1199,kirillkulikov,,,,,,,,,
1200,anna-morenets,,,,,,,,,
1201,veniaminfradin,,,,,,,,,
1202,vitaliy-gulcheev,,,,,,,,,
1203,aidosuly,,,,,,,,,
1204,shcherell,,,,,,,,,
1205,serafima-aleksandrova-5a90958a,,,,,,,,,
1206,artem-vekhtev-07332421b,,,,,,,,,
1208,rshapiev,,,,,,,,,
1209,volha-lisavets-58601565,,,,,,,,,
1210,julia-karaikoza-85403443,,,,,,,,,
1213,evgenia-nikitina-6503181,,,,,,,,,
1214,yuliya-efremenko,,,,,,,,,
1216,olga-popova-com,,,,,,,,,
1217,alexsharkov,,,,,,,,,
1218,denis-emirov-15196823a,,,,,,,,,
1219,ziborovmaxim,,,,,,,,,
1220,natallia-turavets,,,,,,,,,
1221,nadiiakov,,,,,,,,,
1223,dr-konstantin-pushkin,,,,,,,,,
1224,kristsina-grin,,,,,,,,,
1225,elina-mukhametzianova,,,,,,,,,
1226,danielnfk,,,,,,,,,
1227,vildan-gayazov-2851b528,,,,,,,,,
1228,s-tselikov,,,,,,,,,
1229,dariakostenko,,,,,,,,,
1230,svetlana-dergacheva-819608b9,,,,,,,,,
1231,verabobrinskaya,,,,,,,,,
1232,anfadeeva,,,,,,,,,
1233,litvinovde,,,,,,,,,
1234,samoilenko26,,,,,,,,,
1235,tatiana-reznikova,,,,,,,,,
1237,rustam-borzov,,,,,,,,,
1238,serhii-titok-55084a95,,,,,,,,,
1239,viacheslav-dukhanin,,,,,,,,,
1240,kristina-tabakharniuk-9a4a131b5,,,,,,,,,
1241,aigerim-nurlan-3467b3172,,,,,,,,,
1242,liudmylacherniakova,,,,,,,,,
1243,busazhidakasymbekova,,,,,,,,,
1244,miqo-nazaryan-612764224,,,,,,,,,
1245,simon-beliakov,,,,,,,,,
1246,olesyagilmutdinova,,,,,,,,,
1247,wikraczkowska,,,,,,,,,
1248,pusat-oytun,,,,,,,,,
1249,dulatamangeldi,,,,,,,,,
1250,dranitsina,,,,,,,,,
1251,ivan-yufryakov,,,,,,,,,
1253,iorkhan,,,,,,,,,
1254,ea-manashirov,,,,,,,,,
1255,influencermarketing-ru,,,,,,,,,
1256,anastasiya-lakhmakova-670a79228,,,,,,,,,
1257,alexey-kuksenok-31979699,,,,,,,,,
1258,johncnstn,,,,,,,,,
1259,sergey-reginya,,,,,,,,,
1260,daryachapurka,,,,,,,,,
1261,german-buksh,,,,,,,,,
1262,iurii-paimurzin,,,,,,,,,
1263,igorvologin,,,,,,,,,
1264,olhayarema,,,,,,,,,
1265,yeforod,,,,,,,,,
1266,jeanndoh,,,,,,,,,
1267,artem-vakser-3a3325104,,,,,,,,,
1270,mariia-gakental,,,,,,,,,
1271,ktomash,,,,,,,,,
1272,vladislav-niiazov,,,,,,,,,
1273,smashuta,,,,,,,,,
1274,diana-yarmolyuk-lomray,,,,,,,,,
1275,dzmitry-shkel,,,,,,,,,
1276,%D1%8E%D0%BB%D0%B8%D1%8F-%D1%80%D0%BE%D1%89%D0%B8%D0%BD%D0%B0-8aa847272,,,,,,,,,
1277,ceoru,,,,,,,,,
1278,dilshodbek-khoshimov-08768a228,,,,,,,,,
1279,vsevolod-syrov,,,,,,,,,
1280,naila-hajiyeva-50561474,,,,,,,,,
1281,tsalkin,,,,,,,,,
1282,alina-mieschanova-937093155,,,,,,,,,
1283,iryna-andriievska,,,,,,,,,
1284,annakodorov,,,,,,,,,
1285,svetlana-zhvirblinskaya,,,,,,,,,
1286,olha-shylo-049483bb,,,,,,,,,
1287,kateryna-bova,,,,,,,,,
1288,maksjustmaks,,,,,,,,,
1289,altynai-bakyeva-403378131,,,,,,,,,
1290,kate-fursova,,,,,,,,,
1291,oleg-pashukevich-481a20181,,,,,,,,,
1293,popova-mariya,,,,,,,,,
1294,roman-sukhov-g,,,,,,,,,
1295,alena-shmalko,,,,,,,,,
1296,%D0%BC%D0%B8%D1%80%D0%B0%D0%BC%D0%B1%D0%B5%D0%BA-%D0%B6%D0%B0%D1%80%D0%B4%D0%B0%D0%B5%D0%B2-842108196,,,,,,,,,
1297,anton-tarasov-699873233,,,,,,,,,
1299,robertmueller,,,,,,,,,
1300,magsud-jafarov,,,,,,,,,
1301,samat-mansurbek-5849a2a7,,,,,,,,,
1302,grednevstory,,,,,,,,,
1303,podvihina,,,,,,,,,
1304,vadimdavydov,,,,,,,,,
1305,amir-diab-b84a56276,,,,,,,,,
1306,aleksandr-tkachev,,,,,,,,,
1307,abramenkoem,,,,,,,,,
1308,julia-saint-business,,,,,,,,,
1309,diana-dmitrieva-aa7a611ab,,,,,,,,,
1310,allen-chen-29027921a,,,,,,,,,
1311,glenlarionov,,,,,,,,,
1312,sidwam,,,,,,,,,
1315,ani-stepanyan,,,,,,,,,
1316,maryjevorjyan,,,,,,,,,
1317,farrukh-pm,,,,,,,,,
1318,irina-afonasenko78,,,,,,,,,
1319,seva,,,,,,,,,
1320,diana-ohanyan-7863a11b2,,,,,,,,,
1321,balaguliyev,,,,,,,,,
1322,max-sundetov,,,,,,,,,
1323,romantkach,,,,,,,,,
1324,yaroyasko,,,,,,,,,
1326,shavkat-narkulov-pm-it,,,,,,,,,
1327,lado,,,,,,,,,
1328,alsotnikov,,,,,,,,,
1331,anastasia-shkompletova,,,,,,,,,
1332,mihailevski,,,,,,,,,
1333,tilek-nurdin-uulu-42577434,,,,,,,,,
1335,sgoncear,,,,,,,,,
1336,maria-liferova-27006465,,,,,,,,,
1338,vitaliistepovenco,,,,,,,,,
1339,kordax,,,,,,,,,
1340,talpaperin,,,,,,,,,
1341,artemgorkov,,,,,,,,,
1342,ddmaslennikova,,,,,,,,,
1343,stalker,,,,,,,,,
1344,irynabodnar1105,,,,,,,,,
1345,nikita-salikhov,,,,,,,,,
1347,vlalom,,,,,,,,,
1348,ivanvalerevich,,,,,,,,,
1349,ecommerceuruguay,,,,,,,,,
1350,viktoriaabereziuk,,,,,,,,,
1352,yagub-gurbanov,,,,,,,,,
1354,elenaburykh,,,,,,,,,
1355,alex-andronov,,,,,,,,,
1356,ksenia-ardashova,,,,,,,,,
1357,johnb21,,,,,,,,,
1358,yuliya-akmasheva-ba384374,,,,,,,,,
1362,yauheni-lashkevich-1b5b653a,,,,,,,,,
1363,david-yuzbashyan,,,,,,,,,
1364,angelinazaytseva,,,,,,,,,
1365,anastasiiasaienko,,,,,,,,,
1366,novikovaaleksandra,,,,,,,,,
1367,anastasiia-anastasiia,,,,,,,,,
1368,ilya7novoselya,,,,,,,,,
1369,sergiula,,,,,,,,,
1370,nikitinaek,,,,,,,,,
1371,ruben-khachatryan-55a0a611a,,,,,,,,,
1372,arpine-sargsyan-b0225981,,,,,,,,,
1374,hanizex,,,,,,,,,
1375,alexanderpatsaj,,,,,,,,,
1376,glebgordeev,,,,,,,,,
1377,dafarko,,,,,,,,,
1378,anita-novik-841312190,,,,,,,,,
1379,tania-siurdiaeva,,,,,,,,,
1380,1business-maker,,,,,,,,,
1381,yandolomanov,,,,,,,,,
1383,nellie-nuriyaz-4b852a17a,,,,,,,,,
1384,dmytronedvetskyi,,,,,,,,,
1385,natographer,,,,,,,,,
1386,vovadef,,,,,,,,,
1387,easypeeeezy,,,,,,,,,
1388,toni-lontis,,,,,,,,,
1389,aeproduct,,,,,,,,,
1390,kate-iltimirova,,,,,,,,,
1391,elenamelnikova,,,,,,,,,
1392,timurtatlyev,,,,,,,,,
1394,anakuzmenchuk,,,,,,,,,
1395,pavelignatiev,,,,,,,,,
1396,yehorslupitskyi,,,,,,,,,
1397,taraspolik,,,,,,,,,
1398,oleksandra-burlakova,,,,,,,,,
1399,evgenyadamov,,,,,,,,,
1400,evgeniy-muravitsky,,,,,,,,,
1401,saifullahtariq,,,,,,,,,
1402,alexander--borodin,,,,,,,,,
1403,andrey-aminov,,,,,,,,,
1404,ivryb,,,,,,,,,
1405,sergey-poda-76a4a9123,,,,,,,,,
1406,julia-kucherenko-94a424145,,,,,,,,,
1407,kovalev-konstantin,,,,,,,,,
1408,pyatigorskiy-alex-796470235,,,,,,,,,
1409,kerim-r-annabayev-a442066a,,,,,,,,,
1411,andemir-kumykov,,,,,,,,,
1412,nikita-bronnikov-951616121,,,,,,,,,
1413,jpavlukhina,,,,,,,,,
1414,andrei-lunev,,,,,,,,,
1417,mila-liashchun-98397b5b,,,,,,,,,
1418,theshyngys,,,,,,,,,
1420,dmitry-kostikov-80886350,,,,,,,,,
1421,anton-filimonov,,,,,,,,,
1423,inevitablesuccess,,,,,,,,,
1424,sofia-gavrilenko,,,,,,,,,
1426,pyankovich,,,,,,,,,
1427,vadymbondar,,,,,,,,,
1428,leonid-medvedev,,,,,,,,,
1429,oleksii-shymanskyi,,,,,,,,,
1430,aghavni-sahakyan-68882a187,,,,,,,,,
1431,magadavinci,,,,,,,,,
1433,sorrocking,,,,,,,,,
1434,ruslan-khansuvarov,,,,,,,,,
1435,aramislive,,,,,,,,,
1436,diana-romanenko,,,,,,,,,
1437,maria-dernova,,,,,,,,,
1438,emmanuel-c-mulenga-083452b7,,,,,,,,,
1439,denis-mikhalchyk-15b689150,,,,,,,,,
1440,aarkhipov,,,,,,,,,
1441,oleksandra-shamych,,,,,,,,,
1443,grunnskola,,,,,,,,,
1444,asbogdanovskiy,,,,,,,,,
1445,tatsiana-ekstsiarovich,,,,,,,,,
1446,olgacherkasova,,,,,,,,,
1448,utkirbek-kuchkarov,,,,,,,,,
1449,dmitriy-nozhenko,,,,,,,,,
1450,lizazelman,,,,,,,,,
1451,aizada-bolotbek-kyzy-654215271,,,,,,,,,
1452,vahe-rober-ayvazyan,,,,,,,,,
1453,igor-n-tsvetkov-03517486,,,,,,,,,
1454,alionadavydova,,,,,,,,,
1455,mihailov,,,,,,,,,
1456,sergei-rakov,,,,,,,,,
1457,victoria-repa-115a1987,,,,,,,,,
1458,dariabagina,,,,,,,,,
1459,sarvarsalyamov,,,,,,,,,
1460,amiit-bagthalia-05806151,,,,,,,,,
1462,dmitry-golubev-87582178,,,,,,,,,
1463,karinachertko,,,,,,,,,
1464,kate-palmer-7a8b501b0,,,,,,,,,
1465,anton-mironov-,,,,,,,,,
1466,juliauskova,,,,,,,,,
1467,novictoria,,,,,,,,,
1468,julia-khalaberda-380b83199,,,,,,,,,
1469,kanan-ahmadov-394781160,,,,,,,,,
1470,rozalinamanafova,,,,,,,,,
1471,mrbleon,,,,,,,,,
1472,kate-wes,,,,,,,,,
1473,rusanovaanastasiia,,,,,,,,,
1474,elena-kalugina-marketing,,,,,,,,,
1475,abykovets,,,,,,,,,
1476,artur-gaziev,,,,,,,,,
1477,nikolaykuznetcov,,,,,,,,,
1478,geneishchuk,,,,,,,,,
1479,valentin-dragin,,,,,,,,,
1480,ekaterina-tsvetkova,,,,,,,,,
1482,dzhafarov,,,,,,,,,
1484,anastasiia-kuchynska,,,,,,,,,
1485,tina-blanc-unicorn,,,,,,,,,
1486,annabritareva,,,,,,,,,
1488,kjiflrf,,,,,,,,,
1489,ekaterina-rud,,,,,,,,,
1490,oxburakova,,,,,,,,,
1491,bilyialex,,,,,,,,,
1492,stefanschedler,,,,,,,,,
1493,nurkhan-iskendir-6617a0a2,,,,,,,,,
1494,christyna-chemerska,,,,,,,,,
1495,dolbaraeva,,,,,,,,,
1496,nikolayzvezdin,,,,,,,,,
1497,kztema,,,,,,,,,
1498,dmytro-danchevskyi-621408116,,,,,,,,,
1499,saveliy-kosovanov-3bab08242,,,,,,,,,
1500,yelyzavetadenyshchenko,,,,,,,,,
1501,ksenia-tarasova-68872b225,,,,,,,,,
1504,uliana-khivrych,,,,,,,,,
1505,sergiy-esposito84,,,,,,,,,
1506,novosys,,,,,,,,,
1507,juliaivanova,,,,,,,,,
1508,baycansalman,,,,,,,,,
1510,kamran-dashdamirov,,,,,,,,,
1512,datnovf,,,,,,,,,
1513,anna-vasyutina-8433983b,,,,,,,,,
1514,mabramova,,,,,,,,,
1515,artemkuprin,,,,,,,,,
1516,evelina-senyavina,,,,,,,,,
1517,mikhailmatveichuk,,,,,,,,,
1518,serge-chernomaz-13507159,,,,,,,,,
1519,anastasiiabarseghyan,,,,,,,,,
1520,mykyta-basanko,,,,,,,,,
1522,esibirli,,,,,,,,,
1523,mrfarhansyed,,,,,,,,,
1524,alekseydubai,,,,,,,,,
1525,ashimkatkhuriya,,,,,,,,,
1528,ihorudod,,,,,,,,,
1530,dmitr,,,,,,,,,
1531,aidrawlins,,,,,,,,,
1532,natalia-katana,,,,,,,,,
1533,alexkavinsky,,,,,,,,,
1534,tatiana-uzunkaya-792bb382,,,,,,,,,
1535,itababayan,,,,,,,,,
1536,orhan-mikayil-10704564,,,,,,,,,
1539,ilya-stekolnikov-6649a6a1,,,,,,,,,
1540,natalienp,,,,,,,,,
1541,daria-ilyushina,,,,,,,,,
1542,vitalisamusik,,,,,,,,,
1543,sucayevaparvin,,,,,,,,,
1545,dsalnikov23,,,,,,,,,
1546,sadiqdaniel,,,,,,,,,
1547,alex-nizhelsky,,,,,,,,,
1548,grisha-hovsepyan,,,,,,,,,
1549,lazarevrom,,,,,,,,,
1550,vspes,,,,,,,,,
1552,yuriy-byron-ba-ma-msc-pmp-36aa4747,,,,,,,,,
1553,gleb-molotkov,,,,,,,,,
1554,zelenta,,,,,,,,,
1555,horoko,,,,,,,,,
1556,ilia-gamtsemlidze-b9873a9a,,,,,,,,,
1557,oromanova,,,,,,,,,
1558,anatolii-s-908076168,,,,,,,,,
1560,mukumov,,,,,,,,,
1561,sergei-gaspar-business-development-sales-manager,,,,,,,,,
1562,denis-sribnyi,,,,,,,,,
1563,krukproduct,,,,,,,,,
1564,andriykisssoftware,,,,,,,,,
1565,vladimir-nikiforov-7a938116b,,,,,,,,,
1566,nekrasova-web-designer,,,,,,,,,
1567,natalie-vodopyanova,,,,,,,,,
1568,dmitry-krotenko-08398a110,,,,,,,,,
1570,mariya-taltynova-1b4359249,,,,,,,,,
1571,andreiiasinovich,,,,,,,,,
1572,irina-slastina,,,,,,,,,
1574,alinagazizullina,,,,,,,,,
1576,irina-strazhevich,,,,,,,,,
1577,%D0%B4%D0%BC%D0%B8%D1%82%D1%80%D0%B8%D0%B9-%D0%B5%D1%80%D0%BE%D1%85%D0%BE%D0%B2-438ab426a,,,,,,,,,
1579,arina-bazrova,,,,,,,,,
1580,vladimir-gorchakov,,,,,,,,,
1581,anastasia-glazyrina,,,,,,,,,
1582,ykurushina,,,,,,,,,
1584,marsprivet,,,,,,,,,
1585,kostyashpakov,,,,,,,,,
1586,din-kana,,,,,,,,,
1587,%D1%81%D0%B5%D1%80%D0%B3%D0%B5%D0%B9-%D0%B2%D0%BE%D1%80%D0%BE%D0%B1%D1%8C%D0%B5%D0%B2-959147187,,,,,,,,,
1588,vadim-yakushenko,,,,,,,,,
1589,kristina-kravec,,,,,,,,,
1590,anastasiya-baliakno,,,,,,,,,
1591,artchechenets,,,,,,,,,
1592,alexvagicheva,,,,,,,,,
1594,aniksan,,,,,,,,,
1595,david-kazheunikau,,,,,,,,,
1597,tatsiana-yarosh-34aa33248,,,,,,,,,
1599,sergefomichev,,,,,,,,,
1601,paulmatvienko,,,,,,,,,
1602,liubinskaya,,,,,,,,,
1604,d-baranova,,,,,,,,,
1605,vladislavmirzoev,,,,,,,,,
1606,oleksandra-budniak-3769b620a,,,,,,,,,
1608,bohatskyi,,,,,,,,,
1609,andrei-helets,,,,,,,,,
1610,viktoriia-ivanchenko,,,,,,,,,
1611,hanna-kachurka-561500217,,,,,,,,,
1612,zhana-hadzeniuk-720253203,,,,,,,,,
1613,anisivans,,,,,,,,,
1614,mikalai-autushka,,,,,,,,,
1615,elena-rybina-b4531625a,,,,,,,,,
1616,galinat,,,,,,,,,
1617,tamara-zenovych,,,,,,,,,
1618,alipbekovaaigerim,,,,,,,,,
1619,osvlv,,,,,,,,,
1620,poliapash,,,,,,,,,
1621,tinypointdesign,,,,,,,,,
1622,dimyak,,,,,,,,,
1624,rondamize,,,,,,,,,
1625,leraginzburg,,,,,,,,,
1626,mykhailo-yurchernko,,,,,,,,,
1627,anastasia-kustovska,,,,,,,,,
1628,iryna-malchenko-05367a236,,,,,,,,,
1629,karen-karapetyan1,,,,,,,,,
1630,vera-razdorskaia,,,,,,,,,
1631,lisa-tymofeeva-4b11b01a5,,,,,,,,,
1632,krsgromov,,,,,,,,,
1633,aboss-sh,,,,,,,,,
1634,geoverkalets,,,,,,,,,
1635,made-by-konstantin,,,,,,,,,
1636,katerina-vasilenka,,,,,,,,,
1637,eva-axyonova-b668a6259,,,,,,,,,
1639,nbabich,,,,,,,,,
1640,alexgour,,,,,,,,,
1641,artemsarkisian,,,,,,,,,
1642,hanna-shpak-764842235,,,,,,,,,
1644,iryna-pivoshenko,,,,,,,,,
1645,daria-milovanova-9783331b7,,,,,,,,,
1646,rahul-gargi-29b5a4237,,,,,,,,,
1647,rina-ash,,,,,,,,,
1648,andrew-nesterenko-5175a1133,,,,,,,,,
1649,evgenia-kazakova-54303176,,,,,,,,,
1650,anastasiiag,,,,,,,,,
1651,kabiorazbek,,,,,,,,,
1653,alexandra-tsyplakova-443122249,,,,,,,,,
1654,maryna-mastounikava-nikulina-528048231,,,,,,,,,
1655,oleksandra-lukavetska-63874a106,,,,,,,,,
1656,nevakrem,,,,,,,,,
1657,kyriosnotes,,,,,,,,,
1658,anna-bashynska-871117234,,,,,,,,,
1659,hakim-gul-bangash,,,,,,,,,
1660,whiteprinzzz,,,,,,,,,
1662,nataliaveretenyk,,,,,,,,,
1663,eugenia-rusak-a11176196,,,,,,,,,
1664,degitayev,,,,,,,,,
1665,vosidiy,,,,,,,,,
1667,mariia-paramonova,,,,,,,,,
1668,marmaryro,,,,,,,,,
1669,salimianov,,,,,,,,,
1670,sergeybichan,,,,,,,,,
1672,iuliia-e-338011239,,,,,,,,,
1673,gazizovayaz,,,,,,,,,
1674,katekalmykova,,,,,,,,,
1675,lena-harutyunyan,,,,,,,,,
1676,darya-dainiak-210a97212,,,,,,,,,
1677,katerinakopteva,,,,,,,,,
1678,iren-kirilchuk,,,,,,,,,
1679,olyxpro,,,,,,,,,
1680,yuliabaranouskaya,,,,,,,,,
1681,mariamukha,,,,,,,,,
1682,maryna-troichenko-806a29238,,,,,,,,,
1683,elizavetakryukova,,,,,,,,,
1684,kirill-kalita,,,,,,,,,
1688,ipastin,,,,,,,,,
1689,margariita,,,,,,,,,
1690,dvtitova,,,,,,,,,
1691,sasha-ustinova-41805423b,,,,,,,,,
1692,dmitrivasilkovkh,,,,,,,,,
1694,vispa-ux,,,,,,,,,
1695,maxosip,,,,,,,,,
1696,anastasia-ovlah-878483198,,,,,,,,,
1698,jasur-askarov,,,,,,,,,
1702,alexandra-agejchyk,,,,,,,,,
1703,denys-ishchenko,,,,,,,,,
1704,maxburlak,,,,,,,,,
1705,miraclesux,,,,,,,,,
1706,olga-mikhailenko,,,,,,,,,
1708,nzrdsgn,,,,,,,,,
1709,anastasiia-poliushkina-a77839111,,,,,,,,,
1710,daria--bondar,,,,,,,,,
1711,photinia,,,,,,,,,
1712,alliereppo,,,,,,,,,
1713,nikolai-shuvaev-b42401265,,,,,,,,,
1714,sytyakov,,,,,,,,,
1716,viktoriia-melenteva-424aa11aa,,,,,,,,,
1717,marylio,,,,,,,,,
1718,ilya-bondar-design,,,,,,,,,
1719,mariauixdesigner,,,,,,,,,
1720,lommax,,,,,,,,,
1721,anastasiya-babich-209700226,,,,,,,,,
1722,%E2%9C%A8nikita-yudin-b372054b,,,,,,,,,
1723,mariammelkonyan,,,,,,,,,
1724,julia-illarionova-06436613b,,,,,,,,,
1726,ksenia-derevianko,,,,,,,,,
1727,archangelov,,,,,,,,,
1728,ira-motorina-uxwriter,,,,,,,,,
1729,vital-ahanesau,,,,,,,,,
1730,markpuznianski,,,,,,,,,
1732,julia-derevianko,,,,,,,,,
1733,amir-shaimukhamedov-9a49a8221,,,,,,,,,
1734,korotaeva,,,,,,,,,
1735,afitovadesign,,,,,,,,,
1737,adilbek-ermekov,,,,,,,,,
1738,annachebysheva,,,,,,,,,
1739,vladimir-davydik,,,,,,,,,
1740,evgeny-skakunov,,,,,,,,,
1741,mariya-maevskaya,,,,,,,,,
1742,orelanna,,,,,,,,,
1743,firuzaaliyeva,,,,,,,,,
1744,anastasiya-fedarava-b437291b8,,,,,,,,,
1745,volga-butsko,,,,,,,,,
1746,etrofimov,,,,,,,,,
1747,nickrybak,,,,,,,,,
1748,anastasia-korobeinikova,,,,,,,,,
1750,dmytro-lytvyn-designer,,,,,,,,,
1752,daria-tatar,,,,,,,,,
1753,eliza-belousova,,,,,,,,,
1754,nick-skopych,,,,,,,,,
1755,leon457,,,,,,,,,
1756,liubov-hershtman-731197204,,,,,,,,,
1757,fdrvdsgn,,,,,,,,,
1758,julie-tkachuk,,,,,,,,,
1759,arman-khachatryan-1753221b5,,,,,,,,,
1760,aibyn-abylkassym,,,,,,,,,
1761,katsiaryna-sysoi,,,,,,,,,
1762,taisya-zvereva,,,,,,,,,
1763,y-savastsiuk,,,,,,,,,
1764,helena-grinshpun,,,,,,,,,
1766,maria-filipava,,,,,,,,,
1767,kate-pyshnaya-047079150,,,,,,,,,
1768,artem-kalinichenko,,,,,,,,,
1769,karmelgershkovich,,,,,,,,,
1770,liliiabessonova,,,,,,,,,
1771,zhora-hovhannisyan-6202b2126,,,,,,,,,
1772,misha-dupliakin-b14673161,,,,,,,,,
1773,tatevik-grigoryan-35198b11b,,,,,,,,,
1775,alexkurlaev,,,,,,,,,
1776,ekaterina-skvortsova-2b007bb8,,,,,,,,,
1777,dmitry-chernov-82211b189,,,,,,,,,
1778,hanna-naidonova-%F0%9F%87%BA%F0%9F%87%A6-079964233,,,,,,,,,
1779,annadesigner,,,,,,,,,
1780,olga-kravtsova-designer,,,,,,,,,
1781,evgenpavlov,,,,,,,,,
1783,artemova-an,,,,,,,,,
1784,ninabrilevich,,,,,,,,,
1785,grechits,,,,,,,,,
1786,ekaterinakass,,,,,,,,,
1787,hanna-liasnaya,,,,,,,,,
1788,roman-sokolovux,,,,,,,,,
1789,anna-harutyunyan-b9bab9192,,,,,,,,,
1790,andyziko,,,,,,,,,
1791,norayr-ishkhanyan-704732214,,,,,,,,,
1792,nina-kuznetsova,,,,,,,,,
1793,mikhail-utyshev,,,,,,,,,
1794,ilonasereda,,,,,,,,,
1795,polina-ryabko,,,,,,,,,
1796,vvinogradova,,,,,,,,,
1797,tatsiana-kharevich-53b17523a,,,,,,,,,
1798,evgenii-khomutov,,,,,,,,,
1800,ivan-yemelianov,,,,,,,,,
1801,chriskohnovich,,,,,,,,,
1802,amina-sid-61a178178,,,,,,,,,
1803,skavysh-al,,,,,,,,,
1804,gltknsalih,,,,,,,,,
1806,oleg-kosmun,,,,,,,,,
1808,oleksii-vorobei1,,,,,,,,,
1809,markknd,,,,,,,,,
1810,sofiharutyunyan,,,,,,,,,
1811,alex-broman,,,,,,,,,
1812,oleg-symonik,,,,,,,,,
1813,victoriasapego,,,,,,,,,
1814,andrew-tarkan-bb5269224,,,,,,,,,
1815,vikki-bond,,,,,,,,,
1816,katyachuprina,,,,,,,,,
1818,anna-tyrkich-78b11171,,,,,,,,,
1819,evche,,,,,,,,,
1821,anronkai,,,,,,,,,
1822,aleksgolv,,,,,,,,,
1823,alisa-miroshnichenko-a34269203,,,,,,,,,
1824,alex-ada-huliuvatiy-261274218,,,,,,,,,
1825,elena-sinianskaya-a18bba14a,,,,,,,,,
1826,kate-filchenko-90b741194,,,,,,,,,
1828,pmknd,,,,,,,,,
1829,mariia-hrabovska-%F0%9F%87%BA%F0%9F%87%A6-bbb0b8109,,,,,,,,,
1831,figma-webdesigner,,,,,,,,,
1832,nikita-anisimov-54722b158,,,,,,,,,
1834,stoilovskikh,,,,,,,,,
1835,vlada-stolbova,,,,,,,,,
1836,yevgen-filchenko-03016049,,,,,,,,,
1837,yanashylkova,,,,,,,,,
1838,kirill-lipovoi-019b18258,,,,,,,,,
1839,ksenia-beletska,,,,,,,,,
1841,fallapart,,,,,,,,,
1843,great-areus,,,,,,,,,
1844,angelina-vechorko-9a8219210,,,,,,,,,
1845,hayk-hovhannisyan-82a050186,,,,,,,,,
1846,alkandaurov,,,,,,,,,
1847,artemmazurkevich,,,,,,,,,
1848,ekaterina-syuma,,,,,,,,,
1849,vladyslav-tyzun,,,,,,,,,
1850,1ne2wo,,,,,,,,,
1851,ilyakr,,,,,,,,,
1852,ageevamr,,,,,,,,,
1853,inesmir,,,,,,,,,
1854,narek-ashuryan-574643227,,,,,,,,,
1855,dmitry-bykov-70b40847,,,,,,,,,
1856,yaroslava-hopaniuk-13a673204,,,,,,,,,
1857,zhenya-rynzhuk-b4040765,,,,,,,,,
1858,iliaorekhov,,,,,,,,,
1860,anastasiia-zh,,,,,,,,,
1861,sofiewagner,,,,,,,,,
1863,polishchukdmitriy,,,,,,,,,
1864,palina-chernavtseva,,,,,,,,,
