,id
0,kravchenkovv
1,grigorii-bordiugov-4161314b
2,serjreds
3,stanislav-kazakov
4,abanindenis
5,ilya-popov-b9bb48183
6,jtprogru
7,sergey-lazar-958217199
8,paul-kostrigin
9,vsevolod-zhmurov-546062149
10,grigorii-bordiugov-4161314b
11,serjreds
12,stanislav-kazakov
13,abanindenis
14,aleksey-kochetkov-ds
15,alexcollin
16,jtprogru
17,sergey-lazar-958217199
18,paul-kostrigin
19,elabpro
20,krylovalexandr
21,aleksey-kochetkov-ds
22,andkur
23,petr-riabov
24,evgenii-andrievskii
25,daria-ivanova-0b3493218
26,hrm-%D0%BF%D0%BE%D0%BB%D0%B8%D0%BD%D0%B0
27,diamn
28,alexxspb
29,aragast
30,denis-magon-1551851a3
31,alexey-pankratyev
32,anm6988
33,syimyk-zhantoroev
34,evgeniy-samuilovich
35,t-mkrtchyan
36,alexander-ilves-2009
37,maidankamshat
38,jamalshahverdiev
39,maxat-a-970770151
40,ilya-kiselev
41,bgolynski
42,denis-bogatenkov
43,kirillkazarin
44,mikhailpanov
45,igorignatev
46,aleksey-zilberov-258579234
47,alex-shylo
48,aliaksei-kulik
49,ovdii
50,avnesterovich
51,anatoliy-dadashev
52,viktar-mikalayeu-mns
53,dzmitriy-romanovich-2a2745a3
54,maksimmuravev
55,dmytro-symonenko-good-game
56,yusuf-zokirjon-74462b138
57,kristina-orekhova-177a49179
58,orginux
59,ilya-bozhko
60,ivan-mostovich
61,pavel-kalinin
62,danilapaddubny
63,david-furman
64,ilyautov
65,abdulvoris-urolov
66,ruslan-garayev
67,mikhail-pikman
68,dmitry-obraztsov-0215b9b4
69,mrmrmr
70,nikolai-akulov
71,rmbk
72,devops-akuznetsov
73,viachaslau-matsukevich
74,mikita-sharayeu
75,kazbek-tokaev-315920194
76,bubnovd
77,andrew-bigdan
78,vladimirsamoylov
79,maksim-artemev-python-backend-engineer
80,michaelbarbine
81,georgepoputnikov
82,shubhankar-thapliyal-75a127a4
83,eugenestarchenko
84,dmytro-konstantynov
85,olga-emelianova-aa80a410a
86,maria-popereka
87,laikovski
88,maksimaniskov
89,victoria-kuleshova-778151b2
90,oleg-tsoy-527b0b86
91,vvkhash
92,evgeniy-vovney
93,alexander-stadolnik
94,mtokarev
95,roman-agabekov
96,andreivolkau
97,dbran
98,anna-husarova
99,helen-gabinska-a73b64226
100,arnakgevorgyan
101,vosin
102,oleksandr-yastrebov
103,dmitriy-vishnyov
104,vshynkar
105,nikitapermikov
106,roman-belshevitz
107,eldar-dragomir
108,konstantin-golubenko-38583677
109,dsmenov
110,qnar-martirosyan-7aaa3213a
111,requiemofthesouls
112,ilya-uhlianitsa
113,alexandr-chernyshev
114,oleh-lavrenko
115,mskutin
116,timur-galeev
117,metheoryt
118,maksym-pyrohoid
119,prashkovich
120,vladimir-mukhin-devops
121,defaultuser
122,vromanuk
123,vladimir-belousov
124,serhii-kupriienko
125,motakuk
126,barbarov
127,olga-kramarenko2021
128,pavel-popov-shep
129,ivan-shkaruba
130,alimov-8
131,ivanov1
132,kseniia-lukonina-a4a115238
133,vital-yevtushenko
134,thedoytsujin
135,kaushik-nagani-9a6447117
136,dmitrii-borisevich
137,dutchakdev
138,mikalai-kasmachou-aa819262
139,ndonets
140,adilan-akhramovich-914132158
141,vprovorov
142,alukin40
143,nikkotov
144,ulugbek-bahromov
145,yury-ialtanskii
146,bolat-tleubayev
147,suren-martirosyan-23abb01a9
148,saifsms91
149,komiljon-kodirov
150,morozovda
151,alekseimrzv
152,svitlanakravchenko
153,maksimhajiyev
154,michaelbaytenov
155,alex-kuznetsov-fcom
156,diyorbek-mamadaliev
157,sultanyusifzadeh
158,pshukhman
159,yuri-gubin
160,chigrinets
161,petr-leontev
162,ruspanov
163,evgeny-mediany
164,kgorobinska
165,julia-kanaikina-16729912b
166,ivan-hilevych
167,iximiuz
168,davronbek-boltayev
